Model,Coefficient,SE,P-value,R-squared
Basic DiD,0.05704609554479112,0.4248689750751101,0.8932076064271233,0.1669854015824589
Firm FE,0.0061739350875871235,0.06222838763707062,0.9209815074068161,0.9837295729005489
Continuous AI,-0.020011744890692906,0.031024802979766626,0.5190101564456124,0.9837339749133932
