Model,Coefficient,SE,P_value,Implied_Effect_Pct
ChatGPT (2023+),-0.00800911343748667,0.03441260432142447,0.8159650236020759,-0.7977125942583707
GPT-3 (2021+),0.00635485380686307,0.016969487357072745,0.7080419655158815,0.637508873093573
