Model,Treatment_Effect,SE,P_Value,Pct_Effect,R_Squared,N
Basic DiD,0.0871656205418967,0.32067973167518027,0.7868833665422367,9.107736958008928,0.9488022803990588,54.0
State FE,0.0871656205418938,0.13462205799310983,0.5207608592490021,9.107736958008616,0.9922404149705351,54.0
State + Year FE,0.08716562054189869,0.030548266595629637,0.006889309047971744,9.107736958009149,0.9996376107207796,54.0
